{
    "avg_prec": 0.7193735299660755,
    "roc_auc": 0.7995412844036698,
    "acc": 0.7821229050279329,
    "brier": 0.16440185983098135
}
