{
    "avg_prec": 0.7578630170783964,
    "roc_auc": 0.8290301441677589,
    "acc": 0.7932960893854749
}
