{
    "Avg Precision": 0.869992693588707,
    "ROC_AUC": 0.8910561929979406,
    "Accuracy": 0.8470149253731343,
    "Brier score": 0.12370847213255184,
    "MCC (Matthews)": 0.6726257955546935,
    "F1-score": 0.7853403141361257
}
