{
    "Avg Precision": 0.8480209075449012,
    "ROC_AUC": 0.9041776993233305,
    "Accuracy": 0.8544776119402985,
    "Brier score": 0.11389983912272855,
    "MCC (Matthews)": 0.6891613186078619,
    "F1-score": 0.8020304568527918
}
