{
    "Avg Precision": 0.8520039068395966,
    "ROC_AUC": 0.8928508384819065,
    "Accuracy": 0.8283582089552238,
    "Brier score": 0.12882207926585704,
    "MCC (Matthews)": 0.6332327347246582,
    "F1-score": 0.7676767676767677
}
