{
    "Avg Precision": 0.7193735299660755,
    "ROC_AUC": 0.7995412844036698,
    "Accuracy": 0.7821229050279329,
    "Brier score": 0.16440185983098135,
    "MCC (Matthews)": 0.5375575132437966
}
