{
    "Avg Precision": 0.8912689705895506,
    "ROC_AUC": 0.9119741100323625,
    "Accuracy": 0.8731343283582089,
    "Brier score": 0.1138902575997866,
    "MCC (Matthews)": 0.7310311515549547,
    "F1-score": 0.8333333333333333
}
