{
    "Avg Precision": 0.7454929336425511,
    "ROC_AUC": 0.830862018240659,
    "Accuracy": 0.7985074626865671,
    "Brier score": 0.16548645911510684,
    "MCC (Matthews)": 0.5701689357126124,
    "F1-score": 0.73
}
