{
    "avg_prec": 0.7177921733335982,
    "roc_auc": 0.8199213630406291,
    "acc": 0.7932960893854749
}
