{
    "avg_prec": 0.7563062405216199,
    "roc_auc": 0.8288990825688074,
    "acc": 0.7932960893854749
}
