{
    "Avg Precision": 0.8899846343893283,
    "ROC_AUC": 0.9166225360400118,
    "Accuracy": 0.8768656716417911,
    "Brier score": 0.11156679667990547,
    "MCC (Matthews)": 0.7385830897444354,
    "F1-score": 0.8374384236453202
}
